-- Generated by render.py — SELF-CONTAINED deploy for Snowflake Workspaces.
-- Run the whole file in a Workspace SQL worksheet (Run All). No CLI / PUT / Python.
-- Synthetic demo data (seed=42, today=2026-06-22); chat tables stay empty.
-- Prereq: GRANT DATABASE ROLE SNOWFLAKE.CORTEX_USER TO ROLE SYSADMIN;

-- 1) Warehouse + database + schema
USE ROLE SYSADMIN;
CREATE WAREHOUSE IF NOT EXISTS DEMO_WH
    WAREHOUSE_SIZE = XSMALL AUTO_SUSPEND = 60 AUTO_RESUME = TRUE INITIALLY_SUSPENDED = TRUE;
CREATE DATABASE IF NOT EXISTS DEMO_DYNAMICS_APP COMMENT = 'Cortex Dashboard Kit demo — synthetic data';
CREATE SCHEMA IF NOT EXISTS DEMO_DYNAMICS_APP.PUBLIC;
USE SCHEMA DEMO_DYNAMICS_APP.PUBLIC;
USE WAREHOUSE DEMO_WH;

-- 2) Tables

CREATE OR REPLACE TABLE CUSTOMERS (  -- one row per customer account
    CUSTOMER_ID NUMBER PRIMARY KEY,
    CUSTOMER_NUMBER VARCHAR(20),
    DISPLAY_NAME VARCHAR(150),
    ADDRESS_COUNTRY VARCHAR(60),
    CUSTOMER_TYPE VARCHAR(20),
    CREDIT_LIMIT NUMBER,
    BALANCE_DUE FLOAT
);
CREATE OR REPLACE TABLE PRODUCTS (  -- one row per item
    PRODUCT_ID NUMBER PRIMARY KEY,
    ITEM_NUMBER VARCHAR(20),
    DISPLAY_NAME VARCHAR(120),
    CATEGORY VARCHAR(40),
    UNIT_PRICE FLOAT,
    UNIT_COST FLOAT,
    INVENTORY NUMBER
);
CREATE OR REPLACE TABLE VENDORS (  -- one row per vendor
    VENDOR_ID NUMBER PRIMARY KEY,
    VENDOR_NUMBER VARCHAR(20),
    DISPLAY_NAME VARCHAR(150),
    COUNTRY VARCHAR(60),
    BALANCE FLOAT
);
CREATE OR REPLACE TABLE SALES_ORDERS (  -- one row per sales order header
    ORDER_ID NUMBER PRIMARY KEY,
    ORDER_NUMBER VARCHAR(20),
    ORDER_DATE DATE,
    CUSTOMER_ID NUMBER,
    STATUS VARCHAR(20),
    CURRENCY_CODE VARCHAR(10),
    TOTAL_EXCL_TAX FLOAT,
    TOTAL_INCL_TAX FLOAT
);
CREATE OR REPLACE TABLE SALES_ORDER_LINES (  -- one row per sales order line (child of SALES_ORDERS)
    LINE_ID NUMBER PRIMARY KEY,
    ORDER_ID NUMBER,
    LINE_TYPE VARCHAR(20),
    PRODUCT_ID NUMBER,
    QUANTITY NUMBER,
    UNIT_PRICE FLOAT,
    LINE_AMOUNT FLOAT
);
CREATE OR REPLACE TABLE INVOICES (  -- one row per sales invoice
    INVOICE_ID NUMBER PRIMARY KEY,
    INVOICE_NUMBER VARCHAR(20),
    CUSTOMER_ID NUMBER,
    INVOICE_DATE DATE,
    DUE_DATE DATE,
    TOTAL_AMOUNT FLOAT,
    STATUS VARCHAR(20)
);
CREATE OR REPLACE TABLE GL_ENTRIES (  -- one row per general-ledger entry
    ENTRY_ID NUMBER PRIMARY KEY,
    POSTING_DATE DATE,
    ACCOUNT_NUMBER VARCHAR(20),
    ACCOUNT_NAME VARCHAR(60),
    DEBIT_AMOUNT FLOAT,
    CREDIT_AMOUNT FLOAT,
    DOCUMENT_TYPE VARCHAR(20)
);
CREATE OR REPLACE TABLE COMPANY_KNOWLEDGE_BASE (  -- one row per knowledge-base document
    DOC_ID NUMBER PRIMARY KEY,
    TITLE VARCHAR(200),
    CATEGORY VARCHAR(80),
    AUDIENCE VARCHAR(40),
    CONTENT VARCHAR
);
CREATE OR REPLACE TABLE CHAT_SESSIONS (  -- one row per chat conversation (written by the app)
    SESSION_ID NUMBER AUTOINCREMENT PRIMARY KEY,
    USERNAME VARCHAR(150),
    SESSION_NAME VARCHAR(200),
    CREATED_AT TIMESTAMP_NTZ DEFAULT CURRENT_TIMESTAMP(),
    LAST_ACTIVE TIMESTAMP_NTZ DEFAULT CURRENT_TIMESTAMP()
);
CREATE OR REPLACE TABLE CHAT_MESSAGES (  -- one row per chat message (written by the app)
    MESSAGE_ID NUMBER AUTOINCREMENT PRIMARY KEY,
    SESSION_ID NUMBER,
    USERNAME VARCHAR(150),
    ROLE VARCHAR(20),
    CONTENT VARCHAR,
    SOURCES VARCHAR,
    CREATED_AT TIMESTAMP_NTZ DEFAULT CURRENT_TIMESTAMP()
);

-- 3) Seed data (synthetic; INSERTed inline so no stage/PUT is needed)
-- CUSTOMERS — one row per customer account
INSERT INTO CUSTOMERS (CUSTOMER_ID, CUSTOMER_NUMBER, DISPLAY_NAME, ADDRESS_COUNTRY, CUSTOMER_TYPE, CREDIT_LIMIT, BALANCE_DUE) VALUES
    (1, 'C1', 'Rodriguez, Figueroa and Sanchez', 'Indonesia', 'Company', 50000, 13392.64),
    (2, 'C2', 'Doyle Ltd', 'Philippines', 'Company', 250000, 5216.33),
    (3, 'C3', 'Mcclain, Miller and Henderson', 'Vietnam', 'Company', 50000, 30321.32),
    (4, 'C4', 'Davis and Sons', 'Singapore', 'Company', 100000, 32696.49),
    (5, 'C5', 'Guzman, Hoffman and Baldwin', 'Thailand', 'Company', 250000, 389.93),
    (6, 'C6', 'Gardner, Robinson and Lawrence', 'Philippines', 'Company', 100000, 9328.77),
    (7, 'C7', 'Blake and Sons', 'Malaysia', 'Company', 50000, 5802.98),
    (8, 'C8', 'Henderson, Ramirez and Lewis', 'Malaysia', 'Company', 250000, 43783.91),
    (9, 'C9', 'Garcia-James', 'Indonesia', 'Person', 100000, 33122.44),
    (10, 'C10', 'Abbott-Munoz', 'Philippines', 'Company', 250000, 34641.13),
    (11, 'C11', 'Blair PLC', 'Philippines', 'Company', 50000, 17363.28),
    (12, 'C12', 'Dudley Group', 'Singapore', 'Company', 50000, 16678.42),
    (13, 'C13', 'Arnold Ltd', 'Indonesia', 'Company', 100000, 12570.42),
    (14, 'C14', 'Mcclure, Ward and Lee', 'Thailand', 'Person', 100000, 36547.86),
    (15, 'C15', 'Williams and Sons', 'Thailand', 'Company', 50000, 22767.33),
    (16, 'C16', 'Galloway-Wyatt', 'Malaysia', 'Company', 100000, 41076.86),
    (17, 'C17', 'James Group', 'Malaysia', 'Company', 50000, 1926.01),
    (18, 'C18', 'Flowers, Martin and Kelly', 'Thailand', 'Company', 50000, 56574.58),
    (19, 'C19', 'Adams, Zuniga and Wong', 'Malaysia', 'Company', 250000, 23737.91),
    (20, 'C20', 'Reid, Ferguson and Sanchez', 'Malaysia', 'Company', 50000, 14797.65),
    (21, 'C21', 'Gray-Mayo', 'Indonesia', 'Company', 100000, 53869.37),
    (22, 'C22', 'Watts, Robinson and Nguyen', 'Vietnam', 'Company', 500000, 30571.58),
    (23, 'C23', 'Perez Inc', 'Singapore', 'Company', 50000, 37646.76),
    (24, 'C24', 'Morales-Jones', 'Philippines', 'Company', 50000, 22897.16),
    (25, 'C25', 'Walter, Edwards and Rios', 'Malaysia', 'Company', 500000, 51646.78),
    (26, 'C26', 'Wilkerson-Day', 'Singapore', 'Company', 250000, 32218.22),
    (27, 'C27', 'Baker and Sons', 'Thailand', 'Company', 50000, 26085.92),
    (28, 'C28', 'Hoffman, Baker and Richards', 'Vietnam', 'Person', 250000, 15803.34),
    (29, 'C29', 'Ross, Robinson and Bright', 'Indonesia', 'Company', 500000, 52231.11),
    (30, 'C30', 'Snyder, Campos and Callahan', 'Thailand', 'Company', 100000, 9170.36);

-- PRODUCTS — one row per item
INSERT INTO PRODUCTS (PRODUCT_ID, ITEM_NUMBER, DISPLAY_NAME, CATEGORY, UNIT_PRICE, UNIT_COST, INVENTORY) VALUES
    (1, 'ITM-1', 'Industrial Sensor Kit', 'Tool', 1359.96, 1403.74, 543),
    (2, 'ITM-2', 'Hydraulic Pump', 'Tool', 1507.39, 884.6, 114),
    (3, 'ITM-3', 'Control Module', 'Tool', 2199.84, 1498.68, 314),
    (4, 'ITM-4', 'Steel Bracket Set', 'Hardware', 621.16, 1025.57, 80),
    (5, 'ITM-5', 'Conveyor Belt', 'Hardware', 1227.83, 133.89, 545),
    (6, 'ITM-6', 'Servo Motor', 'Tool', 342.77, 860.76, 562),
    (7, 'ITM-7', 'PLC Controller', 'Hardware', 1330.99, 1095.8, 216),
    (8, 'ITM-8', 'Pressure Valve', 'Tool', 1894.28, 1244.86, 319),
    (9, 'ITM-9', 'Bearing Assembly', 'Component', 1687.43, 678.42, 529),
    (10, 'ITM-10', 'Gear Box', 'Component', 638.57, 124.61, 21),
    (11, 'ITM-11', 'Power Supply Unit', 'Consumable', 594.53, 404.19, 72),
    (12, 'ITM-12', 'Cooling Fan Array', 'Consumable', 170.71, 130.65, 32),
    (13, 'ITM-13', 'Cable Harness', 'Tool', 200.37, 436.03, 497),
    (14, 'ITM-14', 'Touchscreen Panel', 'Hardware', 352.47, 1684.57, 584),
    (15, 'ITM-15', 'Safety Relay', 'Consumable', 626.42, 856.62, 416),
    (16, 'ITM-16', 'Linear Actuator', 'Hardware', 264.9, 781.58, 433),
    (17, 'ITM-17', 'Filtration Cartridge', 'Component', 2163.0, 106.97, 100),
    (18, 'ITM-18', 'Welding Electrode Pack', 'Hardware', 1827.33, 1443.06, 111),
    (19, 'ITM-19', 'Lubricant Drum', 'Hardware', 495.77, 813.02, 432),
    (20, 'ITM-20', 'Calibration Tool', 'Hardware', 1170.0, 1575.33, 77);

-- VENDORS — one row per vendor
INSERT INTO VENDORS (VENDOR_ID, VENDOR_NUMBER, DISPLAY_NAME, COUNTRY, BALANCE) VALUES
    (1, 'V1', 'Burton Ltd', 'Vietnam', 103361.89),
    (2, 'V2', 'Carlson-Cruz', 'China', 6070.6),
    (3, 'V3', 'Ferrell, Rice and Maddox', 'Germany', 100323.31),
    (4, 'V4', 'Frazier Inc', 'Germany', 111164.04),
    (5, 'V5', 'Dyer, Potter and Mack', 'Germany', 19957.33),
    (6, 'V6', 'Rodriguez-Graham', 'Vietnam', 25649.68),
    (7, 'V7', 'Smith-Bowen', 'Vietnam', 7036.25),
    (8, 'V8', 'Baker, Mason and White', 'Vietnam', 118237.06),
    (9, 'V9', 'Harrell LLC', 'Thailand', 94088.47),
    (10, 'V10', 'Romero, Gonzalez and Brooks', 'Vietnam', 50760.9),
    (11, 'V11', 'Ryan PLC', 'Germany', 119450.72),
    (12, 'V12', 'George Group', 'China', 86208.99);

-- SALES_ORDERS — one row per sales order header
INSERT INTO SALES_ORDERS (ORDER_ID, ORDER_NUMBER, ORDER_DATE, CUSTOMER_ID, STATUS, CURRENCY_CODE, TOTAL_EXCL_TAX, TOTAL_INCL_TAX) VALUES
    (1, 'SO-1', '2025-09-09', 7, 'Released', 'VND', 52547.05, 52703.25),
    (2, 'SO-2', '2025-11-29', 2, 'Open', 'THB', 82825.45, 51649.14),
    (3, 'SO-3', '2025-07-21', 17, 'Open', 'SGD', 53958.12, 65370.49),
    (4, 'SO-4', '2025-10-20', 13, 'Open', 'VND', 22913.17, 57686.06),
    (5, 'SO-5', '2026-05-05', 3, 'Released', 'USD', 47527.66, 90082.08),
    (6, 'SO-6', '2025-10-04', 22, 'Invoiced', 'SGD', 36224.94, 65035.06),
    (7, 'SO-7', '2025-11-22', 15, 'Released', 'VND', 7456.34, 44712.53),
    (8, 'SO-8', '2026-04-06', 4, 'Open', 'SGD', 24602.84, 89944.29),
    (9, 'SO-9', '2025-07-27', 29, 'Released', 'THB', 39998.43, 52800.65),
    (10, 'SO-10', '2025-11-23', 20, 'Cancelled', 'VND', 48075.72, 64670.61),
    (11, 'SO-11', '2026-04-01', 10, 'Cancelled', 'SGD', 79153.3, 26255.09),
    (12, 'SO-12', '2025-08-15', 24, 'Invoiced', 'THB', 54829.85, 69408.21),
    (13, 'SO-13', '2025-10-04', 22, 'Invoiced', 'THB', 44479.33, 87285.19),
    (14, 'SO-14', '2025-07-18', 3, 'Invoiced', 'VND', 4923.72, 32834.59),
    (15, 'SO-15', '2025-08-27', 21, 'Cancelled', 'SGD', 40323.36, 68270.71),
    (16, 'SO-16', '2026-04-05', 1, 'Open', 'VND', 62500.75, 15264.44),
    (17, 'SO-17', '2025-07-10', 27, 'Released', 'USD', 39251.02, 5053.36),
    (18, 'SO-18', '2025-12-25', 29, 'Cancelled', 'VND', 4550.64, 35144.17),
    (19, 'SO-19', '2026-06-06', 8, 'Invoiced', 'THB', 50829.63, 84368.89),
    (20, 'SO-20', '2026-05-05', 24, 'Open', 'VND', 77949.91, 94034.1),
    (21, 'SO-21', '2025-09-20', 29, 'Released', 'SGD', 83279.37, 75576.67),
    (22, 'SO-22', '2026-01-18', 26, 'Invoiced', 'USD', 23086.88, 16230.41),
    (23, 'SO-23', '2026-06-16', 4, 'Released', 'SGD', 42891.41, 20075.32),
    (24, 'SO-24', '2026-02-12', 12, 'Released', 'VND', 21256.0, 3323.56),
    (25, 'SO-25', '2025-09-28', 13, 'Released', 'VND', 87053.13, 27651.07),
    (26, 'SO-26', '2026-05-16', 17, 'Released', 'VND', 48723.2, 90513.55),
    (27, 'SO-27', '2025-08-20', 29, 'Cancelled', 'SGD', 86665.55, 26350.36),
    (28, 'SO-28', '2025-08-16', 20, 'Released', 'USD', 28917.28, 58799.27),
    (29, 'SO-29', '2026-03-10', 4, 'Released', 'USD', 23670.3, 68567.62),
    (30, 'SO-30', '2025-06-22', 17, 'Cancelled', 'USD', 65029.27, 71725.91),
    (31, 'SO-31', '2026-05-31', 7, 'Released', 'SGD', 60117.15, 32514.95),
    (32, 'SO-32', '2025-11-29', 22, 'Invoiced', 'USD', 27728.68, 30523.18),
    (33, 'SO-33', '2026-01-17', 11, 'Released', 'THB', 12328.61, 41109.1),
    (34, 'SO-34', '2026-01-02', 22, 'Invoiced', 'SGD', 51650.37, 39740.54),
    (35, 'SO-35', '2025-06-22', 10, 'Released', 'THB', 52618.65, 63417.62),
    (36, 'SO-36', '2026-02-15', 15, 'Released', 'SGD', 43113.57, 86889.45),
    (37, 'SO-37', '2025-09-16', 22, 'Open', 'USD', 57331.74, 32989.98),
    (38, 'SO-38', '2025-10-20', 22, 'Released', 'VND', 14114.5, 5470.93),
    (39, 'SO-39', '2026-02-20', 20, 'Invoiced', 'SGD', 37885.25, 61042.56),
    (40, 'SO-40', '2025-09-29', 23, 'Invoiced', 'THB', 22714.62, 63546.4),
    (41, 'SO-41', '2025-06-24', 29, 'Invoiced', 'VND', 10486.27, 41556.67),
    (42, 'SO-42', '2025-09-20', 26, 'Cancelled', 'USD', 5469.44, 24801.15),
    (43, 'SO-43', '2025-08-23', 15, 'Open', 'THB', 48270.74, 54296.46),
    (44, 'SO-44', '2025-12-01', 25, 'Invoiced', 'USD', 65015.38, 49140.02),
    (45, 'SO-45', '2026-03-29', 15, 'Invoiced', 'USD', 43246.02, 25752.81),
    (46, 'SO-46', '2025-10-26', 27, 'Invoiced', 'VND', 47395.68, 60755.25),
    (47, 'SO-47', '2025-11-09', 15, 'Open', 'THB', 25182.64, 31515.94),
    (48, 'SO-48', '2026-03-25', 3, 'Open', 'SGD', 62761.53, 68342.29),
    (49, 'SO-49', '2025-07-24', 14, 'Released', 'USD', 38003.91, 20766.84),
    (50, 'SO-50', '2026-01-23', 13, 'Cancelled', 'USD', 62901.55, 82656.59),
    (51, 'SO-51', '2026-04-12', 13, 'Invoiced', 'VND', 27576.53, 38208.43),
    (52, 'SO-52', '2026-01-22', 18, 'Invoiced', 'USD', 54689.48, 22071.9),
    (53, 'SO-53', '2025-10-12', 9, 'Released', 'SGD', 30915.53, 65744.68),
    (54, 'SO-54', '2026-01-15', 24, 'Open', 'THB', 12358.87, 60327.53),
    (55, 'SO-55', '2025-07-05', 30, 'Released', 'USD', 3412.08, 62279.05),
    (56, 'SO-56', '2025-08-30', 28, 'Invoiced', 'SGD', 34740.24, 21226.41),
    (57, 'SO-57', '2025-12-06', 11, 'Invoiced', 'THB', 67928.87, 80294.15),
    (58, 'SO-58', '2025-10-29', 27, 'Open', 'SGD', 49008.3, 96291.22),
    (59, 'SO-59', '2025-12-18', 8, 'Invoiced', 'VND', 59006.16, 72895.63),
    (60, 'SO-60', '2025-10-26', 7, 'Invoiced', 'USD', 22230.5, 46167.22),
    (61, 'SO-61', '2025-08-19', 19, 'Cancelled', 'THB', 23805.69, 36199.89),
    (62, 'SO-62', '2026-04-28', 20, 'Cancelled', 'USD', 70223.48, 16665.42),
    (63, 'SO-63', '2025-11-28', 4, 'Invoiced', 'VND', 52245.91, 87541.33),
    (64, 'SO-64', '2025-12-31', 13, 'Cancelled', 'SGD', 53696.71, 80165.34),
    (65, 'SO-65', '2025-10-24', 4, 'Invoiced', 'THB', 61899.05, 77780.43),
    (66, 'SO-66', '2026-04-07', 26, 'Open', 'USD', 59875.4, 7636.75),
    (67, 'SO-67', '2026-05-19', 11, 'Open', 'THB', 44627.95, 42354.43),
    (68, 'SO-68', '2025-12-24', 21, 'Invoiced', 'THB', 14616.21, 17843.52),
    (69, 'SO-69', '2026-03-16', 21, 'Released', 'VND', 48897.39, 47113.47),
    (70, 'SO-70', '2026-01-31', 27, 'Invoiced', 'THB', 76802.47, 80180.51);

-- SALES_ORDER_LINES — one row per sales order line (child of SALES_ORDERS)
INSERT INTO SALES_ORDER_LINES (LINE_ID, ORDER_ID, LINE_TYPE, PRODUCT_ID, QUANTITY, UNIT_PRICE, LINE_AMOUNT) VALUES
    (1, 1, 'Item', 15, 8, 1882.43, 25664.74),
    (2, 2, 'Item', 16, 11, 475.05, 9584.79),
    (3, 2, 'Item', 11, 9, 2203.79, 31568.21),
    (4, 2, 'Item', 1, 17, 2371.45, 3898.3),
    (5, 2, 'Item', 16, 18, 1901.46, 31092.89),
    (6, 3, 'Item', 1, 3, 753.23, 18227.83),
    (7, 3, 'Item', 19, 12, 1196.32, 23914.94),
    (8, 3, 'Item', 18, 11, 895.73, 20445.85),
    (9, 3, 'Item', 8, 4, 1810.18, 14233.88),
    (10, 4, 'Resource', 6, 7, 560.55, 21814.73),
    (11, 4, 'Item', 17, 20, 725.42, 4568.65),
    (12, 4, 'Item', 8, 12, 469.12, 685.97),
    (13, 4, 'Item', 9, 2, 2436.38, 24923.49),
    (14, 4, 'Item', 5, 21, 2174.44, 22115.0),
    (15, 5, 'Item', 16, 16, 1115.16, 8337.15),
    (16, 6, 'Item', 16, 4, 2059.74, 18061.8),
    (17, 7, 'Item', 2, 5, 394.26, 25349.64),
    (18, 8, 'Item', 8, 4, 1406.23, 18757.02),
    (19, 8, 'Item', 20, 8, 1944.84, 17147.99),
    (20, 8, 'Comment', 10, 19, 2475.33, 13776.84),
    (21, 9, 'Item', 4, 25, 539.28, 9535.58),
    (22, 9, 'Item', 6, 8, 455.19, 3424.17),
    (23, 9, 'Item', 15, 23, 1494.68, 13142.11),
    (24, 9, 'Item', 10, 23, 2152.53, 3249.53),
    (25, 9, 'Item', 9, 21, 1484.73, 36185.56),
    (26, 10, 'Item', 18, 8, 1627.9, 40883.09),
    (27, 10, 'Item', 3, 2, 435.66, 13877.15),
    (28, 11, 'Comment', 15, 4, 1185.03, 13718.9),
    (29, 11, 'Item', 9, 17, 1361.45, 19727.26),
    (30, 11, 'Item', 14, 24, 822.75, 11304.04),
    (31, 11, 'Item', 19, 19, 2378.2, 44980.78),
    (32, 11, 'Item', 9, 19, 124.57, 34044.28),
    (33, 12, 'Item', 15, 9, 474.19, 26360.57),
    (34, 12, 'Item', 16, 3, 1188.28, 18405.25),
    (35, 12, 'Item', 4, 6, 841.26, 31230.63),
    (36, 12, 'Item', 13, 25, 1386.49, 20494.42),
    (37, 13, 'Item', 4, 25, 1025.33, 23181.1),
    (38, 13, 'Resource', 18, 15, 1047.79, 8481.84),
    (39, 13, 'Item', 16, 21, 1119.05, 2369.95),
    (40, 14, 'Item', 10, 15, 2205.1, 21837.8),
    (41, 14, 'Item', 20, 8, 1781.71, 14018.22),
    (42, 14, 'Item', 14, 3, 581.13, 37871.19),
    (43, 15, 'Item', 4, 21, 2084.55, 22451.98),
    (44, 16, 'Item', 9, 14, 2090.94, 44112.0),
    (45, 16, 'Item', 18, 5, 974.38, 41487.97),
    (46, 16, 'Item', 5, 3, 708.71, 35560.78),
    (47, 17, 'Item', 17, 9, 2055.86, 12763.61),
    (48, 17, 'Item', 19, 19, 2497.28, 22059.33),
    (49, 17, 'Item', 18, 16, 879.18, 24858.69),
    (50, 17, 'Item', 15, 11, 2177.26, 44135.82),
    (51, 18, 'Item', 8, 25, 1041.67, 14352.03),
    (52, 18, 'Item', 13, 13, 2471.32, 35668.1),
    (53, 19, 'Item', 2, 5, 1268.17, 26578.61),
    (54, 19, 'Comment', 15, 4, 1326.73, 20588.92),
    (55, 20, 'Item', 5, 3, 1186.99, 43615.7),
    (56, 20, 'Item', 13, 21, 223.78, 14819.02),
    (57, 21, 'Item', 11, 21, 1803.83, 34185.11),
    (58, 21, 'Comment', 2, 20, 194.34, 28420.69),
    (59, 21, 'Comment', 8, 24, 248.69, 44026.28),
    (60, 21, 'Item', 4, 15, 436.75, 13511.0),
    (61, 21, 'Item', 11, 2, 751.09, 16899.11),
    (62, 22, 'Item', 14, 19, 1712.46, 8143.56),
    (63, 22, 'Item', 20, 13, 1558.78, 10875.3),
    (64, 23, 'Item', 15, 21, 653.59, 11526.94),
    (65, 23, 'Item', 15, 10, 1702.09, 7151.0),
    (66, 23, 'Item', 12, 19, 765.41, 43293.21),
    (67, 23, 'Item', 15, 10, 518.06, 17341.96),
    (68, 23, 'Item', 8, 13, 1440.51, 25887.8),
    (69, 24, 'Item', 13, 9, 45.04, 38934.78),
    (70, 24, 'Item', 2, 20, 1869.3, 37486.11),
    (71, 24, 'Comment', 8, 20, 2009.78, 9894.25),
    (72, 25, 'Item', 5, 21, 265.48, 28254.24),
    (73, 25, 'Item', 15, 2, 1459.45, 32969.57),
    (74, 26, 'Comment', 11, 24, 1053.37, 9075.73),
    (75, 27, 'Comment', 12, 17, 1266.94, 12300.1),
    (76, 27, 'Item', 16, 10, 1872.73, 15275.25),
    (77, 27, 'Item', 3, 5, 1891.52, 10191.38),
    (78, 27, 'Item', 13, 18, 930.29, 35591.15),
    (79, 27, 'Item', 18, 4, 1150.6, 30293.64),
    (80, 28, 'Item', 12, 4, 1695.22, 21242.89),
    (81, 28, 'Item', 18, 11, 2290.26, 10000.46),
    (82, 28, 'Item', 15, 23, 772.92, 18402.9),
    (83, 29, 'Item', 2, 10, 2489.92, 5269.62),
    (84, 29, 'Item', 18, 5, 986.9, 16726.97),
    (85, 30, 'Item', 5, 14, 1645.93, 37524.5),
    (86, 30, 'Item', 9, 2, 1733.44, 9816.27),
    (87, 30, 'Item', 8, 12, 270.9, 30871.33),
    (88, 30, 'Item', 12, 2, 1010.4, 8581.89),
    (89, 30, 'Item', 15, 3, 1665.35, 28894.62),
    (90, 31, 'Resource', 2, 11, 627.83, 5710.28),
    (91, 31, 'Item', 3, 25, 1396.66, 26407.92),
    (92, 31, 'Item', 8, 11, 1941.56, 35499.54),
    (93, 31, 'Item', 9, 5, 2469.13, 24332.68),
    (94, 31, 'Item', 4, 22, 2169.46, 5974.56),
    (95, 32, 'Item', 8, 19, 826.33, 7882.37),
    (96, 32, 'Item', 14, 17, 306.28, 2906.93),
    (97, 32, 'Item', 12, 17, 1494.32, 20367.64),
    (98, 33, 'Resource', 2, 24, 1963.49, 39020.79),
    (99, 33, 'Item', 15, 21, 2410.96, 2784.1),
    (100, 34, 'Item', 14, 22, 292.21, 32072.44),
    (101, 34, 'Item', 3, 11, 1530.54, 3002.42),
    (102, 34, 'Item', 19, 18, 1787.58, 17171.65),
    (103, 34, 'Item', 10, 15, 1276.24, 19387.46),
    (104, 35, 'Comment', 18, 24, 2167.09, 19381.64),
    (105, 36, 'Item', 15, 13, 1054.57, 4324.11),
    (106, 36, 'Item', 9, 12, 2385.14, 30922.61),
    (107, 37, 'Item', 3, 3, 1093.89, 33519.27),
    (108, 37, 'Item', 5, 18, 173.45, 43050.28),
    (109, 37, 'Item', 4, 14, 900.16, 29957.06),
    (110, 37, 'Item', 2, 10, 1511.01, 15856.5),
    (111, 38, 'Item', 5, 22, 1218.42, 38135.0),
    (112, 38, 'Item', 18, 12, 309.34, 12571.64),
    (113, 38, 'Item', 14, 18, 2437.0, 36838.29),
    (114, 38, 'Item', 18, 1, 1532.26, 29619.51),
    (115, 38, 'Item', 1, 6, 701.34, 34320.31),
    (116, 39, 'Item', 6, 5, 1426.64, 18065.26),
    (117, 39, 'Item', 1, 3, 1871.63, 9720.22),
    (118, 39, 'Item', 11, 6, 940.88, 32485.74),
    (119, 40, 'Item', 2, 5, 414.59, 27821.83),
    (120, 40, 'Item', 9, 15, 1663.3, 21880.49),
    (121, 40, 'Item', 9, 7, 1893.48, 5166.1),
    (122, 40, 'Item', 10, 22, 1704.25, 21924.14),
    (123, 40, 'Item', 2, 8, 1003.28, 26989.66),
    (124, 41, 'Item', 7, 25, 364.66, 11535.6),
    (125, 42, 'Item', 16, 24, 1090.87, 5856.9),
    (126, 42, 'Item', 8, 17, 1407.84, 30078.77),
    (127, 42, 'Item', 13, 24, 129.7, 892.43),
    (128, 43, 'Comment', 19, 14, 1444.16, 31941.98),
    (129, 44, 'Item', 13, 1, 2416.34, 7775.7),
    (130, 44, 'Resource', 15, 23, 2301.43, 4011.44),
    (131, 44, 'Item', 8, 14, 1482.46, 23602.12),
    (132, 44, 'Item', 10, 24, 865.3, 15021.43),
    (133, 45, 'Item', 4, 17, 1287.13, 40771.23),
    (134, 45, 'Item', 5, 8, 279.44, 11555.77),
    (135, 46, 'Item', 3, 6, 2379.45, 28276.3),
    (136, 46, 'Item', 19, 25, 1459.18, 30666.95),
    (137, 47, 'Item', 20, 11, 2164.01, 28243.42),
    (138, 47, 'Item', 3, 16, 1119.46, 13661.78),
    (139, 47, 'Item', 2, 12, 1280.66, 14002.83),
    (140, 47, 'Item', 2, 12, 2083.45, 3499.06),
    (141, 47, 'Comment', 3, 20, 1495.35, 17332.49),
    (142, 48, 'Item', 2, 15, 2274.9, 25745.97),
    (143, 48, 'Item', 20, 16, 1265.88, 43099.62),
    (144, 48, 'Item', 11, 23, 233.71, 29093.41),
    (145, 48, 'Item', 15, 15, 1322.07, 27460.75),
    (146, 48, 'Item', 10, 13, 1036.7, 15259.6),
    (147, 49, 'Item', 11, 3, 840.98, 25130.45),
    (148, 49, 'Item', 9, 24, 2132.63, 43400.23),
    (149, 49, 'Item', 5, 11, 226.72, 29879.36),
    (150, 49, 'Comment', 10, 21, 1753.74, 17668.51),
    (151, 49, 'Item', 3, 10, 1408.33, 28975.02),
    (152, 50, 'Item', 17, 3, 1623.91, 19082.12),
    (153, 50, 'Item', 12, 10, 471.15, 9677.96),
    (154, 50, 'Resource', 16, 7, 585.69, 6233.56),
    (155, 51, 'Item', 4, 17, 1932.91, 37588.64),
    (156, 52, 'Item', 11, 25, 1554.63, 26896.23),
    (157, 52, 'Item', 6, 23, 1933.47, 36416.52),
    (158, 52, 'Item', 15, 2, 1041.88, 30452.51),
    (159, 52, 'Item', 15, 20, 730.2, 33696.72),
    (160, 52, 'Item', 18, 8, 790.93, 36397.64),
    (161, 53, 'Comment', 7, 12, 1703.81, 25690.35),
    (162, 53, 'Item', 10, 25, 970.13, 23759.32),
    (163, 53, 'Resource', 7, 20, 367.54, 11287.64),
    (164, 53, 'Item', 12, 18, 2337.38, 32027.47),
    (165, 54, 'Comment', 10, 3, 1913.71, 12311.97),
    (166, 54, 'Comment', 5, 14, 251.99, 40977.2),
    (167, 54, 'Item', 12, 1, 1051.87, 17870.61),
    (168, 54, 'Item', 13, 3, 952.91, 1317.03),
    (169, 54, 'Resource', 11, 5, 365.56, 12945.23),
    (170, 55, 'Item', 5, 25, 1771.2, 20214.64),
    (171, 55, 'Item', 3, 1, 658.41, 37581.59),
    (172, 55, 'Item', 20, 17, 1072.56, 34938.96),
    (173, 55, 'Item', 4, 2, 615.14, 28770.88),
    (174, 56, 'Item', 4, 16, 1501.93, 788.77),
    (175, 56, 'Item', 8, 23, 380.35, 19344.29),
    (176, 56, 'Item', 8, 19, 1056.0, 29913.49),
    (177, 56, 'Item', 12, 3, 2384.67, 24506.48),
    (178, 56, 'Item', 17, 18, 75.33, 39306.25),
    (179, 57, 'Item', 12, 9, 1874.61, 16101.37),
    (180, 58, 'Item', 4, 25, 1465.21, 34062.72),
    (181, 59, 'Item', 18, 11, 2038.43, 7920.26),
    (182, 59, 'Item', 15, 23, 1209.36, 8243.4),
    (183, 60, 'Item', 15, 2, 751.27, 2019.09),
    (184, 60, 'Item', 2, 11, 2335.09, 23216.49),
    (185, 61, 'Item', 2, 25, 1626.08, 12910.68),
    (186, 61, 'Comment', 2, 21, 846.51, 5645.15),
    (187, 61, 'Item', 13, 24, 1113.35, 43043.72),
    (188, 61, 'Item', 6, 16, 1737.87, 16562.24),
    (189, 61, 'Item', 9, 3, 1824.53, 3597.77),
    (190, 62, 'Resource', 6, 18, 752.07, 4661.78),
    (191, 62, 'Item', 10, 10, 1128.64, 32308.95),
    (192, 62, 'Item', 15, 12, 1131.65, 32720.31),
    (193, 62, 'Comment', 20, 14, 704.52, 44102.23),
    (194, 62, 'Resource', 3, 22, 1602.84, 16380.84),
    (195, 63, 'Resource', 5, 20, 1703.27, 19745.87),
    (196, 63, 'Item', 8, 25, 1621.78, 16328.67),
    (197, 64, 'Item', 5, 22, 1138.56, 16724.85),
    (198, 64, 'Item', 3, 19, 365.8, 16544.4),
    (199, 64, 'Item', 9, 8, 2402.29, 1214.8),
    (200, 64, 'Item', 17, 13, 2286.02, 5343.36),
    (201, 64, 'Item', 15, 7, 2491.0, 12886.68),
    (202, 65, 'Item', 5, 3, 1143.81, 40445.62),
    (203, 65, 'Item', 3, 22, 2419.71, 44396.53),
    (204, 65, 'Item', 3, 18, 1366.87, 40115.36),
    (205, 65, 'Comment', 6, 12, 1284.17, 5505.24),
    (206, 66, 'Item', 8, 16, 90.05, 24953.26),
    (207, 66, 'Item', 18, 5, 1539.57, 3925.39),
    (208, 67, 'Item', 16, 17, 1041.72, 18454.04),
    (209, 67, 'Item', 5, 11, 1614.79, 20276.35),
    (210, 67, 'Item', 12, 5, 2197.95, 35122.82),
    (211, 68, 'Item', 5, 14, 1269.59, 39076.11),
    (212, 68, 'Item', 17, 5, 777.71, 7330.41),
    (213, 68, 'Resource', 8, 12, 2370.02, 23374.46),
    (214, 68, 'Item', 3, 9, 510.85, 43038.01),
    (215, 68, 'Item', 10, 20, 1345.36, 22640.66),
    (216, 69, 'Item', 19, 5, 448.72, 28120.34),
    (217, 69, 'Comment', 11, 19, 126.96, 38876.96),
    (218, 70, 'Item', 19, 9, 1636.55, 34524.81);

-- INVOICES — one row per sales invoice
INSERT INTO INVOICES (INVOICE_ID, INVOICE_NUMBER, CUSTOMER_ID, INVOICE_DATE, DUE_DATE, TOTAL_AMOUNT, STATUS) VALUES
    (1, 'INV-1', 14, '2026-05-04', '2026-07-12', 3695.44, 'Overdue'),
    (2, 'INV-2', 18, '2025-11-17', '2026-07-13', 86141.87, 'Paid'),
    (3, 'INV-3', 26, '2026-06-07', '2026-06-12', 27471.61, 'Paid'),
    (4, 'INV-4', 2, '2025-09-10', '2026-06-17', 37990.34, 'Paid'),
    (5, 'INV-5', 11, '2026-04-28', '2026-05-10', 28819.84, 'Open'),
    (6, 'INV-6', 24, '2025-12-15', '2026-06-12', 12638.19, 'Paid'),
    (7, 'INV-7', 18, '2025-08-15', '2026-06-01', 22514.67, 'Paid'),
    (8, 'INV-8', 15, '2025-10-26', '2026-05-10', 9616.24, 'Paid'),
    (9, 'INV-9', 13, '2026-05-03', '2026-06-14', 23096.05, 'Overdue'),
    (10, 'INV-10', 6, '2025-12-06', '2026-08-19', 52414.15, 'Paid'),
    (11, 'INV-11', 25, '2025-09-11', '2026-06-24', 89641.28, 'Paid'),
    (12, 'INV-12', 29, '2025-11-26', '2026-06-24', 3062.69, 'Overdue'),
    (13, 'INV-13', 17, '2026-02-11', '2026-05-22', 20147.85, 'Paid'),
    (14, 'INV-14', 2, '2025-11-13', '2026-06-24', 54179.17, 'Open'),
    (15, 'INV-15', 22, '2026-02-17', '2026-05-28', 48765.48, 'Open'),
    (16, 'INV-16', 14, '2025-08-29', '2026-08-12', 24538.09, 'Paid'),
    (17, 'INV-17', 13, '2025-12-26', '2026-04-27', 36651.76, 'Open'),
    (18, 'INV-18', 7, '2025-12-24', '2026-07-01', 26685.55, 'Paid'),
    (19, 'INV-19', 15, '2026-03-30', '2026-05-27', 74452.71, 'Open'),
    (20, 'INV-20', 20, '2025-08-21', '2026-05-08', 87782.37, 'Paid'),
    (21, 'INV-21', 26, '2025-12-12', '2026-07-02', 84566.42, 'Open'),
    (22, 'INV-22', 7, '2026-04-26', '2026-06-26', 36723.45, 'Paid'),
    (23, 'INV-23', 2, '2025-08-31', '2026-07-22', 30640.62, 'Paid'),
    (24, 'INV-24', 15, '2025-09-06', '2026-07-08', 80488.72, 'Paid'),
    (25, 'INV-25', 30, '2026-05-01', '2026-06-01', 15462.68, 'Overdue'),
    (26, 'INV-26', 24, '2025-11-22', '2026-07-06', 30937.24, 'Open'),
    (27, 'INV-27', 18, '2026-02-27', '2026-07-21', 51100.26, 'Paid'),
    (28, 'INV-28', 1, '2025-12-27', '2026-06-03', 60968.77, 'Overdue'),
    (29, 'INV-29', 19, '2025-11-26', '2026-08-01', 80990.27, 'Overdue'),
    (30, 'INV-30', 21, '2025-07-05', '2026-07-07', 43238.53, 'Overdue'),
    (31, 'INV-31', 26, '2026-04-14', '2026-07-04', 21251.35, 'Paid'),
    (32, 'INV-32', 16, '2025-09-17', '2026-06-28', 56983.25, 'Open'),
    (33, 'INV-33', 27, '2026-01-02', '2026-05-10', 74127.85, 'Paid'),
    (34, 'INV-34', 19, '2026-06-15', '2026-05-06', 17979.81, 'Paid'),
    (35, 'INV-35', 14, '2025-09-07', '2026-06-13', 62454.52, 'Paid'),
    (36, 'INV-36', 25, '2026-05-01', '2026-08-17', 42972.89, 'Open'),
    (37, 'INV-37', 24, '2025-07-23', '2026-07-21', 13289.34, 'Paid'),
    (38, 'INV-38', 11, '2026-05-27', '2026-06-22', 47767.47, 'Paid'),
    (39, 'INV-39', 6, '2026-02-12', '2026-08-16', 48448.31, 'Paid'),
    (40, 'INV-40', 22, '2026-06-05', '2026-07-13', 72525.08, 'Paid'),
    (41, 'INV-41', 16, '2025-09-28', '2026-08-22', 22940.2, 'Open'),
    (42, 'INV-42', 8, '2025-11-21', '2026-07-29', 26721.37, 'Paid'),
    (43, 'INV-43', 23, '2026-02-27', '2026-06-01', 43702.5, 'Open'),
    (44, 'INV-44', 30, '2025-11-09', '2026-05-28', 11846.8, 'Open'),
    (45, 'INV-45', 13, '2026-01-10', '2026-08-04', 31716.99, 'Open'),
    (46, 'INV-46', 5, '2025-11-17', '2026-04-27', 26599.1, 'Open'),
    (47, 'INV-47', 12, '2026-02-03', '2026-07-14', 23823.51, 'Paid'),
    (48, 'INV-48', 7, '2026-03-24', '2026-05-26', 84039.13, 'Open'),
    (49, 'INV-49', 5, '2025-08-16', '2026-07-09', 66939.3, 'Paid'),
    (50, 'INV-50', 2, '2026-05-30', '2026-08-15', 48262.69, 'Open'),
    (51, 'INV-51', 2, '2025-08-12', '2026-06-13', 30396.13, 'Paid'),
    (52, 'INV-52', 22, '2025-08-31', '2026-04-22', 86842.17, 'Overdue'),
    (53, 'INV-53', 6, '2026-01-16', '2026-07-14', 84217.86, 'Overdue'),
    (54, 'INV-54', 16, '2026-05-21', '2026-05-17', 68276.08, 'Paid'),
    (55, 'INV-55', 10, '2026-05-18', '2026-04-29', 81806.39, 'Paid');

-- GL_ENTRIES — one row per general-ledger entry
INSERT INTO GL_ENTRIES (ENTRY_ID, POSTING_DATE, ACCOUNT_NUMBER, ACCOUNT_NAME, DEBIT_AMOUNT, CREDIT_AMOUNT, DOCUMENT_TYPE) VALUES
    (1, '2026-04-11', '5000', 'Accounts Receivable', 21258.33, 932.46, 'Journal'),
    (2, '2026-01-21', '2000', 'Revenue', 22990.87, 24929.3, 'Payment'),
    (3, '2026-03-02', '4000', 'Accounts Receivable', 21807.27, 7236.67, 'Invoice'),
    (4, '2025-11-21', '6000', 'Revenue', 24574.85, 7114.04, 'Journal'),
    (5, '2026-03-27', '6000', 'Accounts Payable', 3355.0, 12605.32, 'Invoice'),
    (6, '2025-08-18', '5000', 'Accounts Receivable', 16207.13, 17964.95, 'Invoice'),
    (7, '2025-12-11', '1200', 'Operating Expense', 18932.07, 4387.37, 'Journal'),
    (8, '2026-01-15', '2000', 'Operating Expense', 2168.44, 16731.4, 'Invoice'),
    (9, '2025-09-01', '6000', 'Accounts Payable', 170.75, 9589.36, 'Payment'),
    (10, '2025-11-05', '2000', 'Cost of Goods Sold', 18072.06, 285.89, 'Payment'),
    (11, '2026-06-11', '5000', 'Accounts Receivable', 11634.87, 3992.92, 'Journal'),
    (12, '2026-06-17', '1200', 'Accounts Receivable', 15967.78, 23515.89, 'Payment'),
    (13, '2025-10-13', '5000', 'Revenue', 3829.64, 18693.37, 'Payment'),
    (14, '2026-01-20', '1200', 'Accounts Payable', 18933.76, 20049.87, 'Journal'),
    (15, '2025-10-26', '1200', 'Operating Expense', 19684.27, 13137.67, 'Payment'),
    (16, '2025-12-24', '4000', 'Operating Expense', 1543.95, 13691.23, 'Payment'),
    (17, '2026-04-11', '6000', 'Revenue', 21362.15, 11046.01, 'Journal'),
    (18, '2026-04-16', '6000', 'Accounts Payable', 11137.07, 1390.9, 'Invoice'),
    (19, '2026-01-20', '6000', 'Revenue', 11559.46, 20172.88, 'Journal'),
    (20, '2026-01-10', '5000', 'Revenue', 5447.53, 1825.74, 'Payment'),
    (21, '2026-06-15', '4000', 'Accounts Payable', 23364.57, 1725.48, 'Journal'),
    (22, '2025-07-08', '5000', 'Revenue', 3385.72, 16038.13, 'Journal'),
    (23, '2026-01-23', '5000', 'Accounts Payable', 11213.43, 22927.88, 'Payment'),
    (24, '2025-08-02', '1200', 'Accounts Receivable', 13482.51, 16338.35, 'Payment'),
    (25, '2025-09-21', '2000', 'Cost of Goods Sold', 3183.68, 24468.11, 'Journal'),
    (26, '2025-07-03', '2000', 'Operating Expense', 17977.35, 10603.2, 'Payment'),
    (27, '2025-10-17', '5000', 'Cost of Goods Sold', 6891.24, 23435.26, 'Journal'),
    (28, '2025-08-18', '4000', 'Accounts Receivable', 15373.08, 23405.95, 'Journal'),
    (29, '2025-10-23', '5000', 'Revenue', 839.41, 14944.62, 'Journal'),
    (30, '2025-07-16', '5000', 'Revenue', 10974.07, 13494.0, 'Journal'),
    (31, '2025-07-20', '4000', 'Accounts Payable', 5854.04, 22909.93, 'Payment'),
    (32, '2026-04-13', '6000', 'Accounts Receivable', 8016.63, 7544.11, 'Invoice'),
    (33, '2026-05-26', '6000', 'Operating Expense', 6878.85, 13917.95, 'Payment'),
    (34, '2025-09-19', '1200', 'Operating Expense', 12390.52, 24307.26, 'Journal'),
    (35, '2026-05-31', '5000', 'Operating Expense', 17407.71, 10206.48, 'Invoice'),
    (36, '2025-09-24', '1200', 'Operating Expense', 21233.52, 7518.41, 'Journal'),
    (37, '2026-02-14', '2000', 'Operating Expense', 24194.65, 13932.17, 'Invoice'),
    (38, '2025-10-24', '5000', 'Cost of Goods Sold', 1976.76, 11244.67, 'Payment'),
    (39, '2026-03-23', '1200', 'Revenue', 6711.54, 16841.8, 'Payment'),
    (40, '2025-07-29', '4000', 'Accounts Receivable', 18107.63, 13971.26, 'Payment'),
    (41, '2025-12-09', '5000', 'Accounts Payable', 5295.19, 4750.59, 'Journal'),
    (42, '2026-02-22', '2000', 'Accounts Receivable', 17594.21, 9915.8, 'Invoice'),
    (43, '2025-12-03', '1200', 'Cost of Goods Sold', 13341.25, 8981.49, 'Invoice'),
    (44, '2026-03-11', '2000', 'Operating Expense', 20070.42, 18060.34, 'Journal'),
    (45, '2025-12-02', '2000', 'Cost of Goods Sold', 10348.25, 14063.12, 'Invoice'),
    (46, '2025-09-04', '4000', 'Operating Expense', 14600.8, 18000.3, 'Invoice'),
    (47, '2025-09-30', '5000', 'Cost of Goods Sold', 20834.07, 12482.54, 'Payment'),
    (48, '2026-06-07', '5000', 'Accounts Receivable', 12215.53, 18088.95, 'Journal'),
    (49, '2026-02-12', '4000', 'Accounts Receivable', 4231.64, 18007.84, 'Payment'),
    (50, '2026-03-26', '2000', 'Accounts Payable', 13098.61, 20976.71, 'Invoice'),
    (51, '2026-05-30', '4000', 'Revenue', 3437.29, 15767.54, 'Invoice'),
    (52, '2025-09-07', '4000', 'Operating Expense', 9330.02, 15445.88, 'Journal'),
    (53, '2026-05-03', '2000', 'Accounts Receivable', 393.29, 13305.31, 'Payment'),
    (54, '2025-06-30', '6000', 'Cost of Goods Sold', 24436.98, 428.56, 'Journal'),
    (55, '2026-06-02', '6000', 'Accounts Payable', 4481.67, 22951.22, 'Payment'),
    (56, '2025-10-23', '4000', 'Operating Expense', 20380.36, 6683.12, 'Payment'),
    (57, '2025-12-30', '2000', 'Operating Expense', 6080.2, 17430.91, 'Invoice'),
    (58, '2025-08-02', '1200', 'Accounts Payable', 18989.65, 2337.51, 'Payment'),
    (59, '2026-03-31', '6000', 'Accounts Receivable', 17571.13, 2067.15, 'Journal'),
    (60, '2026-05-18', '1200', 'Operating Expense', 21449.01, 2384.05, 'Payment'),
    (61, '2025-07-13', '5000', 'Accounts Payable', 17307.19, 14169.6, 'Invoice'),
    (62, '2025-07-30', '1200', 'Cost of Goods Sold', 13575.77, 16452.73, 'Invoice'),
    (63, '2025-11-30', '4000', 'Cost of Goods Sold', 3604.79, 20517.27, 'Journal'),
    (64, '2025-07-31', '5000', 'Operating Expense', 14167.4, 21236.06, 'Journal'),
    (65, '2026-03-25', '5000', 'Accounts Receivable', 3498.76, 24711.95, 'Journal'),
    (66, '2026-03-05', '1200', 'Cost of Goods Sold', 2442.14, 5803.6, 'Invoice'),
    (67, '2026-04-27', '1200', 'Accounts Payable', 9917.58, 19338.87, 'Invoice'),
    (68, '2025-11-08', '1200', 'Operating Expense', 5703.46, 13825.94, 'Payment'),
    (69, '2025-09-25', '1200', 'Accounts Receivable', 2142.35, 15465.4, 'Journal'),
    (70, '2026-06-22', '4000', 'Cost of Goods Sold', 9500.0, 19597.26, 'Invoice'),
    (71, '2026-01-07', '5000', 'Revenue', 129.88, 7706.69, 'Payment'),
    (72, '2025-11-07', '4000', 'Revenue', 10774.49, 13924.63, 'Payment'),
    (73, '2025-08-13', '4000', 'Cost of Goods Sold', 2326.61, 14951.09, 'Invoice'),
    (74, '2026-01-05', '4000', 'Operating Expense', 19479.23, 18121.1, 'Payment'),
    (75, '2025-10-24', '6000', 'Revenue', 9518.3, 3471.0, 'Invoice'),
    (76, '2026-03-01', '4000', 'Revenue', 6899.05, 7493.81, 'Journal'),
    (77, '2025-12-23', '5000', 'Cost of Goods Sold', 15625.84, 14845.16, 'Invoice'),
    (78, '2025-08-15', '4000', 'Revenue', 9892.3, 21040.33, 'Payment'),
    (79, '2025-12-07', '6000', 'Operating Expense', 20588.38, 16275.92, 'Payment'),
    (80, '2025-11-22', '5000', 'Accounts Payable', 5021.29, 7854.58, 'Journal'),
    (81, '2025-12-02', '5000', 'Accounts Receivable', 12275.18, 14396.98, 'Invoice'),
    (82, '2025-12-31', '5000', 'Accounts Receivable', 9125.39, 23301.68, 'Invoice'),
    (83, '2026-03-28', '4000', 'Accounts Receivable', 672.9, 18180.33, 'Journal'),
    (84, '2025-10-07', '6000', 'Cost of Goods Sold', 17320.88, 20474.14, 'Journal'),
    (85, '2026-01-17', '1200', 'Revenue', 7570.82, 6317.04, 'Invoice'),
    (86, '2026-01-24', '1200', 'Revenue', 24767.52, 11980.87, 'Payment'),
    (87, '2026-03-08', '2000', 'Accounts Payable', 10457.52, 919.13, 'Journal'),
    (88, '2026-06-16', '2000', 'Operating Expense', 15954.51, 2124.55, 'Journal'),
    (89, '2026-05-24', '1200', 'Revenue', 15316.95, 14080.51, 'Payment'),
    (90, '2026-05-19', '5000', 'Accounts Receivable', 24142.92, 10761.39, 'Invoice'),
    (91, '2025-11-01', '5000', 'Accounts Receivable', 13949.84, 17191.61, 'Invoice'),
    (92, '2025-12-30', '5000', 'Accounts Receivable', 14714.75, 12511.64, 'Payment'),
    (93, '2025-07-04', '6000', 'Cost of Goods Sold', 23013.69, 2146.37, 'Journal'),
    (94, '2025-09-02', '5000', 'Cost of Goods Sold', 19606.75, 13027.87, 'Payment'),
    (95, '2025-08-10', '6000', 'Accounts Receivable', 7972.74, 7506.6, 'Journal'),
    (96, '2025-08-19', '4000', 'Cost of Goods Sold', 2734.07, 20001.25, 'Journal'),
    (97, '2025-10-24', '6000', 'Operating Expense', 8274.74, 10659.23, 'Payment'),
    (98, '2026-01-15', '1200', 'Revenue', 16432.7, 9889.56, 'Journal'),
    (99, '2025-10-01', '6000', 'Operating Expense', 111.25, 5369.9, 'Invoice'),
    (100, '2026-06-17', '2000', 'Revenue', 2543.8, 21799.48, 'Invoice'),
    (101, '2025-12-05', '4000', 'Revenue', 16767.54, 12237.1, 'Journal'),
    (102, '2025-11-29', '6000', 'Accounts Receivable', 14675.12, 8698.12, 'Journal'),
    (103, '2026-05-04', '4000', 'Accounts Receivable', 20015.33, 22967.06, 'Payment'),
    (104, '2026-06-01', '4000', 'Revenue', 7634.5, 4576.11, 'Journal'),
    (105, '2026-03-10', '5000', 'Operating Expense', 14370.15, 10575.97, 'Payment'),
    (106, '2026-03-24', '1200', 'Accounts Receivable', 24997.49, 13872.81, 'Payment'),
    (107, '2025-09-01', '4000', 'Accounts Payable', 15485.25, 21638.06, 'Journal'),
    (108, '2026-02-25', '4000', 'Accounts Payable', 24095.73, 12635.95, 'Payment'),
    (109, '2026-06-07', '6000', 'Accounts Receivable', 11096.29, 4181.34, 'Payment'),
    (110, '2025-10-12', '5000', 'Cost of Goods Sold', 13440.22, 4205.22, 'Payment'),
    (111, '2026-03-02', '6000', 'Revenue', 2855.17, 19377.83, 'Journal'),
    (112, '2025-12-26', '6000', 'Accounts Receivable', 19000.1, 11034.16, 'Invoice'),
    (113, '2026-01-25', '4000', 'Accounts Payable', 18783.64, 7442.72, 'Journal'),
    (114, '2026-02-07', '5000', 'Accounts Payable', 2174.58, 21632.26, 'Invoice'),
    (115, '2025-10-21', '5000', 'Accounts Receivable', 17228.34, 21526.22, 'Payment'),
    (116, '2026-01-27', '4000', 'Revenue', 5165.49, 5173.57, 'Invoice'),
    (117, '2025-12-18', '6000', 'Operating Expense', 4209.43, 24475.0, 'Invoice'),
    (118, '2026-04-11', '5000', 'Accounts Payable', 24637.21, 16982.48, 'Invoice'),
    (119, '2026-01-18', '2000', 'Accounts Payable', 21676.19, 3172.2, 'Journal'),
    (120, '2025-10-27', '4000', 'Cost of Goods Sold', 6188.87, 21088.89, 'Payment'),
    (121, '2025-09-02', '6000', 'Cost of Goods Sold', 10355.63, 11299.79, 'Payment'),
    (122, '2025-08-08', '6000', 'Accounts Receivable', 17367.59, 21932.93, 'Payment'),
    (123, '2026-02-26', '5000', 'Revenue', 19353.38, 18318.1, 'Journal'),
    (124, '2026-02-11', '1200', 'Accounts Receivable', 21252.66, 19891.95, 'Payment'),
    (125, '2026-01-27', '2000', 'Operating Expense', 8071.63, 7089.83, 'Payment'),
    (126, '2025-08-27', '6000', 'Operating Expense', 8593.49, 17063.8, 'Invoice'),
    (127, '2025-08-11', '1200', 'Accounts Payable', 407.03, 23235.82, 'Invoice'),
    (128, '2026-02-10', '4000', 'Accounts Payable', 5057.96, 17214.8, 'Invoice'),
    (129, '2026-05-20', '5000', 'Accounts Payable', 21914.88, 2333.5, 'Payment'),
    (130, '2025-08-03', '5000', 'Accounts Payable', 4138.13, 9908.54, 'Invoice'),
    (131, '2026-06-15', '1200', 'Operating Expense', 2279.98, 2379.59, 'Invoice'),
    (132, '2025-07-31', '4000', 'Cost of Goods Sold', 16999.57, 232.17, 'Journal'),
    (133, '2025-08-22', '2000', 'Operating Expense', 3304.38, 1770.71, 'Payment'),
    (134, '2025-08-13', '4000', 'Cost of Goods Sold', 7481.38, 9568.03, 'Journal'),
    (135, '2025-08-29', '1200', 'Accounts Receivable', 1710.29, 14082.28, 'Payment'),
    (136, '2025-09-14', '6000', 'Accounts Receivable', 15702.0, 3784.35, 'Payment'),
    (137, '2026-06-08', '6000', 'Cost of Goods Sold', 22414.82, 3500.33, 'Invoice'),
    (138, '2026-01-04', '5000', 'Operating Expense', 19776.92, 6194.66, 'Payment'),
    (139, '2025-10-27', '6000', 'Accounts Receivable', 15189.83, 19474.24, 'Journal'),
    (140, '2026-05-25', '2000', 'Cost of Goods Sold', 15173.17, 4716.16, 'Payment'),
    (141, '2026-05-18', '4000', 'Accounts Payable', 23866.79, 12372.19, 'Invoice'),
    (142, '2026-03-04', '1200', 'Revenue', 22218.11, 301.68, 'Payment'),
    (143, '2025-12-01', '4000', 'Accounts Payable', 14209.51, 9135.31, 'Journal'),
    (144, '2026-02-18', '2000', 'Accounts Receivable', 417.24, 1688.31, 'Invoice'),
    (145, '2025-07-12', '2000', 'Accounts Payable', 9949.38, 7162.2, 'Journal'),
    (146, '2026-01-20', '6000', 'Operating Expense', 16013.43, 13441.38, 'Invoice'),
    (147, '2025-08-03', '5000', 'Operating Expense', 5079.94, 20201.5, 'Payment'),
    (148, '2026-01-08', '6000', 'Accounts Receivable', 16245.99, 16078.86, 'Invoice'),
    (149, '2026-01-31', '1200', 'Accounts Payable', 1447.65, 2155.32, 'Payment'),
    (150, '2026-02-09', '1200', 'Revenue', 16651.99, 16451.31, 'Invoice'),
    (151, '2025-06-28', '1200', 'Accounts Receivable', 4095.82, 23825.41, 'Payment'),
    (152, '2025-11-01', '4000', 'Revenue', 19528.1, 6719.11, 'Journal'),
    (153, '2025-07-07', '5000', 'Operating Expense', 13096.36, 6573.74, 'Journal'),
    (154, '2026-05-09', '4000', 'Operating Expense', 9003.1, 12490.25, 'Payment'),
    (155, '2025-12-27', '4000', 'Accounts Receivable', 22356.71, 16853.01, 'Invoice'),
    (156, '2026-03-09', '4000', 'Accounts Payable', 307.2, 1149.54, 'Payment'),
    (157, '2025-09-06', '4000', 'Accounts Payable', 884.09, 20077.89, 'Journal'),
    (158, '2026-05-23', '6000', 'Cost of Goods Sold', 10406.41, 18007.2, 'Invoice'),
    (159, '2025-07-31', '6000', 'Revenue', 16833.14, 1316.8, 'Invoice'),
    (160, '2026-03-13', '2000', 'Accounts Payable', 1723.16, 11627.35, 'Invoice'),
    (161, '2025-11-28', '5000', 'Operating Expense', 199.23, 5016.78, 'Payment'),
    (162, '2025-11-24', '1200', 'Cost of Goods Sold', 9206.84, 24296.44, 'Journal'),
    (163, '2025-09-30', '1200', 'Operating Expense', 19899.34, 3764.16, 'Journal'),
    (164, '2025-07-04', '5000', 'Cost of Goods Sold', 20989.35, 21929.97, 'Journal'),
    (165, '2025-06-22', '1200', 'Cost of Goods Sold', 18452.07, 7687.77, 'Invoice'),
    (166, '2025-10-21', '6000', 'Accounts Payable', 24313.98, 3559.34, 'Invoice'),
    (167, '2025-07-14', '2000', 'Accounts Payable', 12993.98, 17521.17, 'Payment'),
    (168, '2025-08-04', '6000', 'Operating Expense', 15930.39, 9858.78, 'Payment'),
    (169, '2025-07-23', '6000', 'Accounts Payable', 5919.29, 6524.77, 'Invoice'),
    (170, '2026-01-09', '1200', 'Accounts Receivable', 7951.44, 6798.9, 'Invoice'),
    (171, '2025-10-03', '4000', 'Accounts Receivable', 2724.32, 2641.44, 'Payment'),
    (172, '2025-11-29', '6000', 'Operating Expense', 24115.87, 5190.91, 'Invoice'),
    (173, '2025-11-04', '2000', 'Revenue', 20189.92, 7605.37, 'Journal'),
    (174, '2026-04-26', '4000', 'Accounts Payable', 8194.84, 2280.32, 'Invoice'),
    (175, '2025-12-21', '5000', 'Revenue', 7471.02, 20502.24, 'Invoice'),
    (176, '2026-01-15', '2000', 'Operating Expense', 13753.02, 2368.13, 'Invoice'),
    (177, '2025-09-01', '4000', 'Revenue', 19524.0, 5557.2, 'Invoice'),
    (178, '2026-01-13', '5000', 'Accounts Receivable', 16117.13, 14558.1, 'Invoice'),
    (179, '2025-07-30', '4000', 'Revenue', 22562.4, 11085.78, 'Invoice'),
    (180, '2025-12-08', '4000', 'Accounts Payable', 1265.94, 23103.29, 'Payment'),
    (181, '2026-01-10', '6000', 'Cost of Goods Sold', 10666.6, 8848.58, 'Journal'),
    (182, '2025-11-09', '5000', 'Accounts Payable', 866.24, 15479.41, 'Invoice'),
    (183, '2025-11-20', '6000', 'Accounts Payable', 11975.77, 2193.04, 'Payment'),
    (184, '2026-01-22', '4000', 'Accounts Payable', 13145.35, 15768.86, 'Journal'),
    (185, '2025-07-01', '2000', 'Accounts Receivable', 8977.8, 13612.95, 'Payment'),
    (186, '2026-04-07', '6000', 'Cost of Goods Sold', 4495.4, 7971.94, 'Invoice'),
    (187, '2025-11-12', '4000', 'Accounts Payable', 13235.81, 19171.05, 'Journal'),
    (188, '2025-09-11', '4000', 'Accounts Receivable', 6663.18, 20407.13, 'Journal'),
    (189, '2025-07-20', '1200', 'Accounts Payable', 14392.3, 24566.62, 'Payment'),
    (190, '2025-09-18', '4000', 'Operating Expense', 20155.26, 17440.66, 'Journal'),
    (191, '2025-07-06', '1200', 'Cost of Goods Sold', 14191.28, 3552.56, 'Journal'),
    (192, '2026-03-01', '6000', 'Revenue', 949.09, 1404.2, 'Payment'),
    (193, '2025-07-02', '6000', 'Revenue', 22947.4, 5036.61, 'Invoice'),
    (194, '2025-09-20', '2000', 'Accounts Payable', 8089.72, 547.82, 'Payment'),
    (195, '2025-09-02', '1200', 'Accounts Payable', 21516.74, 24013.97, 'Payment'),
    (196, '2026-05-27', '5000', 'Revenue', 7544.13, 3411.29, 'Invoice'),
    (197, '2026-01-31', '1200', 'Accounts Payable', 16229.51, 4355.07, 'Journal'),
    (198, '2026-06-12', '2000', 'Accounts Receivable', 8920.64, 16638.29, 'Journal'),
    (199, '2026-01-01', '5000', 'Accounts Receivable', 3183.71, 18220.77, 'Journal'),
    (200, '2026-04-11', '5000', 'Accounts Payable', 24129.6, 809.57, 'Payment'),
    (201, '2026-05-01', '5000', 'Operating Expense', 23417.19, 3516.08, 'Journal'),
    (202, '2025-10-21', '5000', 'Cost of Goods Sold', 15904.67, 24076.99, 'Journal'),
    (203, '2026-05-31', '1200', 'Accounts Payable', 11165.75, 6630.31, 'Invoice'),
    (204, '2025-07-26', '5000', 'Accounts Receivable', 18010.34, 1203.69, 'Payment'),
    (205, '2026-01-22', '2000', 'Accounts Payable', 12327.05, 9467.81, 'Payment'),
    (206, '2025-08-12', '2000', 'Accounts Receivable', 14451.39, 18956.09, 'Invoice'),
    (207, '2026-02-08', '4000', 'Accounts Payable', 7372.72, 7967.92, 'Journal'),
    (208, '2025-07-29', '5000', 'Accounts Payable', 4022.61, 1875.06, 'Journal'),
    (209, '2025-08-08', '5000', 'Accounts Payable', 22330.65, 17612.62, 'Payment'),
    (210, '2026-05-22', '4000', 'Accounts Payable', 3927.59, 2531.45, 'Invoice'),
    (211, '2025-09-27', '6000', 'Operating Expense', 23139.34, 13503.14, 'Payment'),
    (212, '2025-11-21', '5000', 'Revenue', 14294.25, 20996.36, 'Invoice'),
    (213, '2025-12-23', '4000', 'Revenue', 20597.43, 15627.27, 'Payment'),
    (214, '2025-08-10', '4000', 'Revenue', 7295.29, 2048.4, 'Journal'),
    (215, '2025-11-26', '1200', 'Operating Expense', 22371.94, 6625.11, 'Payment'),
    (216, '2026-01-06', '4000', 'Accounts Payable', 9235.04, 11144.38, 'Invoice'),
    (217, '2026-02-15', '5000', 'Accounts Payable', 14106.16, 3778.27, 'Journal'),
    (218, '2025-08-10', '4000', 'Cost of Goods Sold', 13536.23, 24267.64, 'Payment'),
    (219, '2026-04-01', '4000', 'Cost of Goods Sold', 13064.56, 24140.69, 'Journal'),
    (220, '2026-02-20', '6000', 'Cost of Goods Sold', 7471.3, 9870.11, 'Journal');

-- COMPANY_KNOWLEDGE_BASE — one row per knowledge-base document
INSERT INTO COMPANY_KNOWLEDGE_BASE (DOC_ID, TITLE, CATEGORY, AUDIENCE, CONTENT) VALUES
    (1, 'About Northwind Manufacturing', 'Company Info', 'All', 'Northwind Manufacturing produces industrial automation components — sensors, motors, controllers, and hydraulic systems — for manufacturers across Southeast Asia. We run our operations on Microsoft Dynamics 365 Business Central, covering sales, purchasing, inventory, and finance.'),
    (2, 'Standard Payment Terms', 'Finance Policy', 'All', 'Default customer payment terms are Net 30 from invoice date. Strategic accounts may be granted Net 45 or Net 60 with finance approval. Early-payment discounts of 2% are offered for payment within 10 days (2/10 Net 30).'),
    (3, 'Credit Policy and Limits', 'Finance Policy', 'Internal', 'Every customer is assigned a credit limit based on trading history and a credit check: 50,000 for new accounts, up to 500,000 for established accounts. Orders that would exceed the credit limit are placed on credit hold and require finance approval before release.'),
    (4, 'Returns and RMA Policy', 'Finance Policy', 'All', 'Returns are accepted within 30 days of delivery with a Return Merchandise Authorization (RMA) number. Items must be unused and in original packaging. A 15% restocking fee applies to non-defective returns. Defective items are replaced or fully credited at no charge.'),
    (5, 'Revenue Recognition', 'Finance Policy', 'Internal', 'Revenue is recognized when control of goods transfers to the customer, which for most orders is at shipment (FOB shipping point). Service and installation revenue is recognized as the service is performed.'),
    (6, 'Procurement Policy', 'Finance Policy', 'Internal', 'Purchases above 10,000 require a purchase order and two quotes. Purchases above 50,000 require department-head and finance sign-off. Preferred vendors are reviewed annually on price, quality, and lead time.'),
    (7, 'Invoice and Collections Process', 'Finance Policy', 'Internal', 'Invoices are issued on shipment. AR sends reminders at 7 days before due, on the due date, and at 15/30/60 days overdue. Accounts more than 60 days overdue are escalated and may be placed on credit hold.'),
    (8, 'Currencies and FX', 'Finance Policy', 'Internal', 'We transact in SGD, THB, USD, and VND. Foreign-currency invoices are revalued at month-end using the closing rate; realized and unrealized FX gains and losses are posted to the FX account.'),
    (9, 'Order-to-Cash Workflow', 'Operations', 'All', 'A sales order moves through statuses Open → Released → Invoiced (or Cancelled). On release, inventory is allocated; on shipment, an invoice is generated and revenue posts to the general ledger.'),
    (10, 'Inventory and Reorder Policy', 'Operations', 'Internal', 'Each item has a reorder point and safety stock. When on-hand inventory falls below the reorder point, a purchase requisition is suggested. Slow-moving stock over 180 days is reviewed for write-down.'),
    (11, 'Shipping and Delivery', 'Operations', 'All', 'Standard delivery is 3–7 business days within the region. Expedited shipping is available at cost. Orders placed before 14:00 local time ship the same day, subject to stock availability.'),
    (12, 'Warranty Terms', 'Operations', 'All', 'Hardware carries a 12-month limited warranty against manufacturing defects. Wear components and consumables are excluded. Extended warranties are available for purchase on selected product lines.'),
    (13, 'Product Catalog — Automation', 'Catalog', 'External', 'Our automation line includes PLC Controllers, Servo Motors, Control Modules, and Safety Relays designed for industrial control cabinets. All units are CE-marked and support standard fieldbus protocols.'),
    (14, 'Product Catalog — Mechanical', 'Catalog', 'External', 'Mechanical components include Hydraulic Pumps, Pressure Valves, Bearing Assemblies, Gear Boxes, and Linear Actuators, available in metric and imperial sizing with documented load ratings.'),
    (15, 'Product Catalog — Consumables', 'Catalog', 'External', 'Consumables include Filtration Cartridges, Welding Electrode Packs, and Lubricant Drums. We offer subscription replenishment with volume pricing for high-usage accounts.'),
    (16, 'Volume Pricing and Discounts', 'Finance Policy', 'All', 'Volume discounts apply on a per-line basis: 5% for orders over 10,000, 10% over 50,000, and negotiated pricing over 250,000. Contract customers receive a fixed annual price list.'),
    (17, 'Tax Handling', 'Finance Policy', 'Internal', 'Sales tax / GST is applied per the ship-to jurisdiction. Tax-exempt customers must provide a valid exemption certificate on file; invoices then show amounts excluding tax.'),
    (18, 'Month-End Close', 'Finance Policy', 'Internal', 'The finance team closes the books within five business days of month-end: post recurring journals, reconcile AR/AP and bank, revalue FX, and review the trial balance before locking the period.');

-- 4) Cortex Search service for the RAG knowledge base
USE SCHEMA DEMO_DYNAMICS_APP.PUBLIC;
USE WAREHOUSE DEMO_WH;

CREATE OR REPLACE CORTEX SEARCH SERVICE COMPANY_KB_SEARCH
    ON CONTENT
    ATTRIBUTES CATEGORY, TITLE, AUDIENCE
    WAREHOUSE = DEMO_WH
    TARGET_LAG = '1 hour'
    EMBEDDING_MODEL = 'snowflake-arctic-embed-m-v1.5'
    AS SELECT CONTENT, CATEGORY, TITLE, AUDIENCE FROM DEMO_DYNAMICS_APP.PUBLIC.COMPANY_KNOWLEDGE_BASE;

-- 5) Verification — every data table should be non-empty
SELECT * FROM (
    SELECT 'CUSTOMERS' AS TBL, COUNT(*) AS N FROM CUSTOMERS
    UNION ALL SELECT 'PRODUCTS' AS TBL, COUNT(*) AS N FROM PRODUCTS
    UNION ALL SELECT 'VENDORS' AS TBL, COUNT(*) AS N FROM VENDORS
    UNION ALL SELECT 'SALES_ORDERS' AS TBL, COUNT(*) AS N FROM SALES_ORDERS
    UNION ALL SELECT 'SALES_ORDER_LINES' AS TBL, COUNT(*) AS N FROM SALES_ORDER_LINES
    UNION ALL SELECT 'INVOICES' AS TBL, COUNT(*) AS N FROM INVOICES
    UNION ALL SELECT 'GL_ENTRIES' AS TBL, COUNT(*) AS N FROM GL_ENTRIES
    UNION ALL SELECT 'COMPANY_KNOWLEDGE_BASE' AS TBL, COUNT(*) AS N FROM COMPANY_KNOWLEDGE_BASE
) ORDER BY N ASC, TBL;

-- ─────────────────────────────────────────────────────────────────────────
-- OPTIONAL — create the Streamlit app from THIS Git repo (no file upload).
-- Prereq: connect this repo to your Workspace, then reference it as a Git
-- repository object. Fill in <GIT_REPO> (the repository name) and <BRANCH>,
-- and <PATH_TO_APP> (this example's app/ folder, relative to the repo root,
-- e.g. examples/hris_people/app).
-- ─────────────────────────────────────────────────────────────────────────
-- ALTER GIT REPOSITORY DEMO_DYNAMICS_APP.PUBLIC.<GIT_REPO> FETCH;
-- CREATE OR REPLACE STREAMLIT DEMO_DYNAMICS_APP.PUBLIC.NORTHWIND_ERP
--     FROM '@DEMO_DYNAMICS_APP.PUBLIC.<GIT_REPO>/branches/<BRANCH>/<PATH_TO_APP>/'
--     MAIN_FILE = 'streamlit_app.py'
--     QUERY_WAREHOUSE = DEMO_WH;
-- Tip: in Snowsight you can also create the app via the UI —
--   Projects » Streamlit » + Streamlit App » From repository.
